appid,name,developer_id,developer_name,comm_count,recomm_count,screenshots_count,rate,rate_num,version,update_content,supplier,size,genre,compatibility,language,age,copyright,price
1671615928,邮编小能手,1671615930,Wesley Adams,2,6,3,4.5,26,1.0.0,,Wesley Adams,95.9 MB,生活,iPhone设备需装有iOS12.2或更高版本。iPad设备需装有iPadOS12.2或更高版本。iPod touch设备需装有iOS12.2或更高版本。Mac需要macOS 11.0或更高版本以及装有Apple M1或更高版本芯片的Mac。,英文,4+,© @WesleyAdams,免费
1670701325,RYZ Picture Editor,1670319503,荣 杨,7,6,4,4.7,74,版本 1.0.1,- Optimize text input.- Optimize picture filter.,荣 杨,35.4 MB,工具,iPhone设备需装有iOS12.0或更高版本。iPad设备需装有iPadOS12.0或更高版本。iPod touch设备需装有iOS12.0或更高版本。Mac需要macOS 11.0或更高版本以及装有Apple M1或更高版本芯片的Mac。,英文,4+,© 2020 RYZ,免费
6446023790,健时督导 - 身边的健身好管家,1675474177,Eren Eken,0,6,3,-1.0,0,版本 1.0.1,1、修复已知的bugs2、优化应用的性能3、同步健身的默认配置数据4、完善其他用户反馈的问题,Eren Eken,168.2 MB,健康健美,iPhone设备需装有iOS12.1或更高版本。iPad设备需装有iPadOS12.1或更高版本。iPod touch设备需装有iOS12.1或更高版本。Mac需要macOS 11.0或更高版本以及装有Apple M1或更高版本芯片的Mac。,英文,4+,© 2023 健时督导 Inc,免费
1627067977,健康计时器 - 锻炼好帮手,1624337267,春令 刘,83,6,4,3.5,319,1.0.0,,春令 刘,53.9 MB,健康健美,iPhone设备需装有iOS9.0或更高版本。iPad设备需装有iPadOS9.0或更高版本。iPod touch设备需装有iOS9.0或更高版本。Mac需要macOS 11.0或更高版本以及装有Apple M1或更高版本芯片的Mac。,英文,4+,© @chunlingliu,免费
1603194528,读书心得,1649871040,霞 金,118,6,6,4.4,"3,228",版本 1.0.1,- 解决部分已知bug- 优化App体验,霞 金,49.1 MB,工具,iPhone设备需装有iOS12.0或更高版本。iPad设备需装有iPadOS12.0或更高版本。iPod touch设备需装有iOS12.0或更高版本。Mac需要macOS 11.0或更高版本以及装有Apple M1或更高版本芯片的Mac。,英文,4+,© LookBook@2022,免费
1628524044,妙游记,1628062268,会友 苏,85,6,3,4.3,"1,681",版本 1.1.0,修复已知问题，优化使用体验,会友 苏,111.4 MB,旅游,iPhone设备需装有iOS10.0或更高版本。iPad设备需装有iPadOS10.0或更高版本。iPod touch设备需装有iOS10.0或更高版本。Mac需要macOS 11.0或更高版本以及装有Apple M1或更高版本芯片的Mac。,英文,4+,© 苏会友,免费
1669271948,大象记账,1669271950,Jared Long,3,6,3,3.9,39,版本 1.0.1,-修复已知体验问题,Jared Long,92.1 MB,工具,iPhone设备需装有iOS12.2或更高版本。iPad设备需装有iPadOS12.2或更高版本。iPod touch设备需装有iOS12.2或更高版本。Mac需要macOS 11.0或更高版本以及装有Apple M1或更高版本芯片的Mac。,英文,4+,© @JaredLong,免费
1671507335,WBZ Picture Combination,1670536770,王保 张,7,6,4,4.7,186,版本 1.0.1,- Solve some known problems- Optimize the App experience,王保 张,24.8 MB,工具,iPhone设备需装有iOS14.0或更高版本。iPad设备需装有iPadOS14.0或更高版本。iPod touch设备需装有iOS14.0或更高版本。Mac需要macOS 11.0或更高版本以及装有Apple M1或更高版本芯片的Mac。,英文,4+,© 2021 WBZ,免费
6446064460,ZHW Make decisions,1674687030,子豪 吴,7,6,4,4.0,46,版本 1.0.2,-Optimize the experience of the app.-Solve some known problems.,子豪 吴,25.5 MB,工具,iPhone设备需装有iOS13.0或更高版本。iPad设备需装有iPadOS13.0或更高版本。iPod touch设备需装有iOS13.0或更高版本。Mac需要macOS 11.0或更高版本以及装有Apple M1或更高版本芯片的Mac。,英文,4+,© 2021 ZHW,免费
1618755164,快捷录音 - 最简单的录音本,1616106128,宇霞 伍,0,6,3,1.4,31,版本 1.0.6,修复状态栏颜色背景问题,宇霞 伍,18.5 MB,工具,iPhone设备需装有iOS11.0或更高版本。iPod touch设备需装有iOS11.0或更高版本。Mac需要macOS 11.0或更高版本以及装有Apple M1或更高版本芯片的Mac。,英文,4+,© 多纪录音本,免费
1663317814,天天复习,1663317816,Mita Osieta,0,6,3,4.1,79,1.0.0,,Mita Osieta,42.8 MB,工具,iPhone设备需装有iOS12.2或更高版本。iPad设备需装有iPadOS12.2或更高版本。iPod touch设备需装有iOS12.2或更高版本。Mac需要macOS 11.0或更高版本以及装有Apple M1或更高版本芯片的Mac。,英文,4+,© @MitaOsieta,免费
1669871648,影视知识答题,1663710125,凡 莫,0,6,4,4.0,65,版本 1.1,更新内容:1.代码优化2.界面优化,凡 莫,43.1 MB,参考资料,iPhone设备需装有iOS14.0或更高版本。iPad设备需装有iPadOS14.0或更高版本。iPod touch设备需装有iOS14.0或更高版本。Mac需要macOS 11.0或更高版本以及装有Apple M1或更高版本芯片的Mac。,英文,4+,© 影视知识答题,免费
1672342131,WKH-Shult Grid Training,1671479812,文珂 何,0,6,4,4.1,77,版本 1.0.1,-Solve some known problems.-Optimize the App experience.,文珂 何,25.5 MB,工具,iPhone设备需装有iOS13.0或更高版本。iPad设备需装有iPadOS13.0或更高版本。iPod touch设备需装有iOS13.0或更高版本。Mac需要macOS 11.0或更高版本以及装有Apple M1或更高版本芯片的Mac。,英文,4+,© 2019 WKH,免费
1672855667,小黄养车 - 汽车保养记录,1652294356,Joanie Emond,5,6,4,2.9,18,1.0.0,,Joanie Emond,92.5 MB,效率,iPhone设备需装有iOS12.2或更高版本。iPad设备需装有iPadOS12.2或更高版本。iPod touch设备需装有iOS12.2或更高版本。Mac需要macOS 11.0或更高版本以及装有Apple M1或更高版本芯片的Mac。,英文,4+,© @JustenRobinson,免费
1661315467,五笔拆字高手 - 学习五笔助手,1661315469,Hutagalung Delilah,81,6,4,3.2,152,版本 1.0.3,-优化已知体验,Hutagalung Delilah,92.5 MB,工具,iPhone设备需装有iOS12.2或更高版本。iPad设备需装有iPadOS12.2或更高版本。iPod touch设备需装有iOS12.2或更高版本。Mac需要macOS 11.0或更高版本以及装有Apple M1或更高版本芯片的Mac。,英文,4+,© @ HutagalungDelilah,免费
6446420512,新旧分类器,1677894467,Sefa Eyar,1,6,3,3.7,12,版本 1.0.1,-修复已知问题,Sefa Eyar,93.2 MB,工具,iPhone设备需装有iOS12.2或更高版本。iPad设备需装有iPadOS12.2或更高版本。iPod touch设备需装有iOS12.2或更高版本。Mac需要macOS 11.0或更高版本以及装有Apple M1或更高版本芯片的Mac。,英文,4+,© @新旧分类器,免费
1666024703,泡泡专案-开销消费预算管家,1666024705,Gahbrielle Chow,0,0,4,4.4,554,版本 1.0.1,-修复已知体验问题,Gahbrielle Chow,91.2 MB,工具,iPhone设备需装有iOS12.2或更高版本。iPad设备需装有iPadOS12.2或更高版本。iPod touch设备需装有iOS12.2或更高版本。Mac需要macOS 11.0或更高版本以及装有Apple M1或更高版本芯片的Mac。,英文,4+,© @GahbrielleChow,免费
6444275579,ZJF-ZheerJasmineFood,1641277382,Erick Tolton,92,6,2,2.5,196,版本 2.0,"Los bekende problemen op, verbeter de stabiliteit en bruikbaarheid van applicaties",Erick Tolton,87.3 MB,工具,iPhone设备需装有iOS13.3或更高版本。iPad设备需装有iPadOS13.3或更高版本。iPod touch设备需装有iOS13.3或更高版本。Mac需要macOS 11.0或更高版本以及装有Apple M1或更高版本芯片的Mac。,英文,4+,© ZJF@2022,免费
1637193281,塘与鱼,1459490097,Danlio Adriel,13,6,4,3.1,64,版本 1.1.2,- 修复已知的bugs- 优化应用的性能- 改善部分用户的反馈问题,Danlio Adriel,150 MB,工具,iPhone设备需装有iOS11.0或更高版本。iPad设备需装有iPadOS11.0或更高版本。iPod touch设备需装有iOS11.0或更高版本。Mac需要macOS 11.0或更高版本以及装有Apple M1或更高版本芯片的Mac。,英文,4+,© liying@2022,免费
1672835595,useful robot,1657584836,Markus Anderson,6,6,3,3.9,18,版本 3,"Performance optimization, fixed some bugs",Markus Anderson,51.5 MB,工具,iPhone设备需装有iOS11.0或更高版本。iPad设备需装有iPadOS11.0或更高版本。iPod touch设备需装有iOS11.0或更高版本。Mac需要macOS 11.0或更高版本以及装有Apple M1或更高版本芯片的Mac。,英文,4+,© Markus Anderson,免费
6445844374,火山计划 - Todo计划清单笔记,1674150110,Carter Oliver,1,6,3,4.1,23,1.0.0,,Carter Oliver,91.9 MB,效率,iPhone设备需装有iOS12.2或更高版本。iPad设备需装有iPadOS12.2或更高版本。iPod touch设备需装有iOS12.2或更高版本。Mac需要macOS 11.0或更高版本以及装有Apple M1或更高版本芯片的Mac。,英文,4+,© @火山计划,免费
6445853695,Dog出游 - 个人出行旅游日记,1674239116,Oscar Lake,113,6,3,3.8,267,1.0.0,,Oscar Lake,93.4 MB,生活,iPhone设备需装有iOS12.2或更高版本。iPad设备需装有iPadOS12.2或更高版本。iPod touch设备需装有iOS12.2或更高版本。Mac需要macOS 11.0或更高版本以及装有Apple M1或更高版本芯片的Mac。,英文,4+,© @Dog出游,免费
6446676263,我的天文观测小助手,1680304176,Kaan Can,8,0,4,3.8,37,版本 1.0.1,修复优化已知问题,Kaan Can,102.4 MB,工具,iPhone设备需装有iOS12.2或更高版本。iPad设备需装有iPadOS12.2或更高版本。iPod touch设备需装有iOS12.2或更高版本。Mac需要macOS 11.0或更高版本以及装有Apple M1或更高版本芯片的Mac。,英文,4+,© astronomy12312,免费
6446928608,露营应全,1679722650,Mustafa Duran,28,0,3,4.5,63,1.0.0,,Mustafa Duran,152.2 MB,生活,iPhone设备需装有iOS12.0或更高版本。iPad设备需装有iPadOS12.0或更高版本。iPod touch设备需装有iOS12.0或更高版本。Mac需要macOS 11.0或更高版本以及装有Apple M1或更高版本芯片的Mac。,英文,17+,© 2023 露营应全 Inc,免费
6446271473,时光倒计,1618880193,健 苏,3,6,6,3.8,15,版本 1.1.2,优化使用体验～,健 苏,80.3 MB,工具,iPhone设备需装有iOS9.0或更高版本。iPad设备需装有iPadOS9.0或更高版本。iPod touch设备需装有iOS9.0或更高版本。Mac需要macOS 11.0或更高版本以及装有Apple M1或更高版本芯片的Mac。,英文,4+,© shigaungdaoji,免费
6446717132,随手取色,1678887151,Jordan Noot,5,6,5,1.7,11,1.0.0,,Jordan Noot,43.7 MB,工具,iPhone设备需装有iOS12.0或更高版本。iPad设备需装有iPadOS12.0或更高版本。iPod touch设备需装有iOS12.0或更高版本。Mac需要macOS 11.0或更高版本以及装有Apple M1或更高版本芯片的Mac。,英文,4+,© 2020 JNT,免费
6446815103,口算小达人 - 成为一个数学小达人,1679232817,Hakan Celebi,30,6,4,3.0,123,1.0.0,,Hakan Celebi,92.1 MB,工具,iPhone设备需装有iOS12.2或更高版本。iPad设备需装有iPadOS12.2或更高版本。iPod touch设备需装有iOS12.2或更高版本。Mac需要macOS 11.0或更高版本以及装有Apple M1或更高版本芯片的Mac。,英文,4+,© @口算小达人,免费
6444096151,零加加,1649295420,晓翔 张,40,6,3,4.3,112,版本 1.0.5,更新内容：1.解决在低端机上偶尔的闪退问题。2.解决在低端机上卡顿问题。3.优化内存问题。,晓翔 张,118.5 MB,工具,iPhone设备需装有iOS9.0或更高版本。iPad设备需装有iPadOS9.0或更高版本。iPod touch设备需装有iOS9.0或更高版本。Mac需要macOS 11.0或更高版本以及装有Apple M1或更高版本芯片的Mac。,英文,4+,© 2022 Xiangzong,免费
6447193403,宠物上门喂养助手,1680002139,Veysi Kahraman,29,6,5,3.6,71,版本 1.0.1,-修复已知问题,Veysi Kahraman,97.7 MB,工具,iPhone设备需装有iOS12.2或更高版本。iPad设备需装有iPadOS12.2或更高版本。iPod touch设备需装有iOS12.2或更高版本。Mac需要macOS 11.0或更高版本以及装有Apple M1或更高版本芯片的Mac。,英文,4+,© feedPet19890,免费
6444692361,存点钱,1606500405,其莉 张,69,6,6,3.8,288,版本 1.1.0,修复已知bug,其莉 张,60.9 MB,生活,iPhone设备需装有iOS11.0或更高版本。iPad设备需装有iPadOS11.0或更高版本。iPod touch设备需装有iOS11.0或更高版本。Mac需要macOS 11.0或更高版本以及装有Apple M1或更高版本芯片的Mac。,英文,4+,© 张其莉,免费
1623199893,布卡钱包-日常理财记账小助手,1623199895,Hai Van Phung,50,6,3,3.7,112,1.0.0,,Hai Van Phung,106.4 MB,财务,iPhone设备需装有iOS9.0或更高版本。iPad设备需装有iPadOS9.0或更高版本。iPod touch设备需装有iOS9.0或更高版本。Mac需要macOS 11.0或更高版本以及装有Apple M1或更高版本芯片的Mac。,英文,4+,© @VanPhungHai,免费
6447505512,飞饼截图,1681545649,Ianga Arono,10,0,4,4.4,70,1.0.0,,Ianga Arono,47.8 MB,工具,iPhone设备需装有iOS12.0或更高版本。iPad设备需装有iPadOS12.0或更高版本。iPod touch设备需装有iOS12.0或更高版本。Mac需要macOS 11.0或更高版本以及装有Apple M1或更高版本芯片的Mac。,英文,4+,© 2020 FBJT,免费
6447351228,全全事项,1681053022,CHUNG Chi Ho,2,0,4,4.4,48,1.0.0,,CHUNG Chi Ho,38.2 MB,生活,iPhone设备需装有iOS11.0或更高版本。iPad设备需装有iPadOS11.0或更高版本。iPod touch设备需装有iOS11.0或更高版本。Mac需要macOS 11.0或更高版本以及装有Apple M1或更高版本芯片的Mac。,英文,17+,© 王占,免费
1638485167,靠谱课代表,1626799994,明鹏 盖,192,7,4,4.0,581,版本 1.0.2,更新内容：1.修复App崩溃闪退bug问题。2.优化App运行速度。,明鹏 盖,121.1 MB,工具,iPhone设备需装有iOS9.0或更高版本。iPad设备需装有iPadOS9.0或更高版本。iPod touch设备需装有iOS9.0或更高版本。Mac需要macOS 11.0或更高版本以及装有Apple M1或更高版本芯片的Mac。,英文,4+,© 2022 EduA Inc.,免费
6444384259,泰吹跳伞记分,1651132920,家芳 袁,5,6,2,2.6,19,版本 1.0.1,修复角色添加不成功的bug,家芳 袁,24.7 MB,生活,iPhone设备需装有iOS11.0或更高版本。iPad设备需装有iPadOS11.0或更高版本。iPod touch设备需装有iOS11.0或更高版本。,简体中文， 英文,4+,©️泰吹跳伞记分,免费
6443931673,指尖便签,1650596338,贝 严,4,6,3,3.7,30,版本 2.0,1、船新版本上线2、修复紧急BUG，部分用户无法输入文字3、交互优化,贝 严,36.1 MB,工具,iPhone设备需装有iOS14.0或更高版本。iPod touch设备需装有iOS14.0或更高版本。Mac需要macOS 11.0或更高版本以及装有Apple M1或更高版本芯片的Mac。,英文,4+,© yanbei,免费
1673528495,工场规划 - 提醒日程待办事项,1672743885,Gia Le Tieu,33,6,4,3.3,59,1.0.0,,Gia Le Tieu,92.4 MB,效率,iPhone设备需装有iOS12.2或更高版本。iPad设备需装有iPadOS12.2或更高版本。iPod touch设备需装有iOS12.2或更高版本。Mac需要macOS 11.0或更高版本以及装有Apple M1或更高版本芯片的Mac。,英文,4+,© @工场规划,免费
6447686389,吉高截屏,1682169015,伟 唐,12,6,4,4.5,167,版本 1.0.1,- 优化截屏操作的体验- 解决一些已知问题,伟 唐,28.5 MB,工具,iPhone设备需装有iOS12.0或更高版本。iPad设备需装有iPadOS12.0或更高版本。iPod touch设备需装有iOS12.0或更高版本。Mac需要macOS 11.0或更高版本以及装有Apple M1或更高版本芯片的Mac。,英文,4+,© 2020 JIGao,免费
6446197254,时间的计算,1675803523,鹏飞 王,0,0,5,4.4,214,版本 1.0.2,- 优化App的体验- 解决部分已知问题,鹏飞 王,54.8 MB,工具,iPhone设备需装有iOS13.0或更高版本。iPad设备需装有iPadOS13.0或更高版本。iPod touch设备需装有iOS13.0或更高版本。,英文,4+,© 2021 PFW,免费
6448275637,芬奇计算,1684182134,克贵 韩,5,6,4,3.9,42,1.0.0,,克贵 韩,40.4 MB,工具,iPhone设备需装有iOS11.0或更高版本。iPad设备需装有iPadOS11.0或更高版本。iPod touch设备需装有iOS11.0或更高版本。Mac需要macOS 11.0或更高版本以及装有Apple M1或更高版本芯片的Mac。,英文,17+,© 韩克贵,免费
6447907565,摩斯皮皮,1672523570,Caroline Crepeau,42,6,4,4.3,139,1.0.0,,Caroline Crepeau,81.5 MB,工具,iPhone设备需装有iOS12.2或更高版本。iPad设备需装有iPadOS12.2或更高版本。iPod touch设备需装有iOS12.2或更高版本。Mac需要macOS 11.0或更高版本以及装有Apple M1或更高版本芯片的Mac。,英文,4+,© @ CarolineCrepeau,免费
6448005373,小喵账本,1635341825,Geta Varga,6,7,2,3.9,58,版本 1.3,1.  更新sdk 提升应用稳定性2.  兼容iOS13系统，修复一处导致iOS13设备无法进入应用问题,Geta Varga,100.4 MB,工具,iPhone设备需装有iOS13.0或更高版本。iPad设备需装有iPadOS13.0或更高版本。iPod touch设备需装有iOS13.0或更高版本。Mac需要macOS 11.0或更高版本以及装有Apple M1或更高版本芯片的Mac。,简体中文， 英文,4+,© Meow@2023,免费
6447546366,爱挑时刻 - 挑战自我拥抱成功,1681711943,Elsa DuBois,40,6,4,2.9,106,版本 1.0.1,-支持IPAD-升级品牌和更换LOGO-修复优化已知问题,Elsa DuBois,91.4 MB,工具,iPhone设备需装有iOS12.2或更高版本。iPad设备需装有iPadOS12.2或更高版本。iPod touch设备需装有iOS12.2或更高版本。Mac需要macOS 11.0或更高版本以及装有Apple M1或更高版本芯片的Mac。,英文,4+,© challengeWithoutLimit2024,免费
6447167493,我的微笔记,1680456235,HOU SHIH CHING,16,6,3,3.1,55,版本 1.1.1,修复暗黑模式显示异常,HOU SHIH CHING,110.1 MB,效率,iPhone设备需装有iOS12或更高版本。iPod touch设备需装有iOS12或更高版本。Mac需要macOS 11.0或更高版本以及装有Apple M1或更高版本芯片的Mac。,英文,4+,© 2023 我的微笔记. All rights reserved,免费
6447951515,学生录,1683087106,See Min Tan,5,6,5,3.9,54,1.0.0,,See Min Tan,27.3 MB,教育,iPhone设备需装有iOS11.0或更高版本。iPad设备需装有iPadOS11.0或更高版本。iPod touch设备需装有iOS11.0或更高版本。Mac需要macOS 11.0或更高版本以及装有Apple M1或更高版本芯片的Mac。,英文,17+,©  SEE MIN TAN,免费
6448892260,卡卢疯子,1686623634,Mert Yilmaz,129,0,3,3.6,500,版本 1.1,-Fix known problems with optimization,Mert Yilmaz,99.8 MB,娱乐,iPhone设备需装有iOS12.2或更高版本。iPad设备需装有iPadOS12.2或更高版本。iPod touch设备需装有iOS12.2或更高版本。Mac需要macOS 11.0或更高版本以及装有Apple M1或更高版本芯片的Mac。,英文,4+,© Mert Yilmaz,免费
1665560479,双面拼图,1656628457,诺 孙,2,6,5,4.2,12,版本 5.0,修复了一些 bug,诺 孙,59.7 MB,游戏,iPhone设备需装有iOS11.0或更高版本。iPad设备需装有iPadOS11.0或更高版本。iPod touch设备需装有iOS11.0或更高版本。Mac需要macOS 11.0或更高版本以及装有Apple M1或更高版本芯片的Mac。,英文,4+，偶尔/轻微的竞赛,© nuosun,免费
6448664320,喵的工具箱,1685476758,Dhareef Nadeem,2,6,5,4.1,16,版本 1.0.1,-修复优化已知问题,Dhareef Nadeem,80 MB,工具,iPhone设备需装有iOS12.2或更高版本。iPad设备需装有iPadOS12.2或更高版本。iPod touch设备需装有iOS12.2或更高版本。Mac需要macOS 11.0或更高版本以及装有Apple M1或更高版本芯片的Mac。,英文,4+,© @ Dhareef Nadeem,免费
6448216428,天文观测录,1683041841,晨 王,21,6,2,4.2,183,版本 1.1,- 解决了一些已知问题。,晨 王,56.4 MB,工具,iPhone设备需装有iOS13.0或更高版本。iPad设备需装有iPadOS13.0或更高版本。iPod touch设备需装有iOS13.0或更高版本。Mac需要macOS 11.0或更高版本以及装有Apple M1或更高版本芯片的Mac。,英文,4+,© 2023 iOS Team,免费
6448846514,红换蓝,1686569001,Emre Kelebek,17,6,4,3.5,69,版本 1.1,-fix known problems with optimization. -support for IPAD,Emre Kelebek,80 MB,娱乐,iPhone设备需装有iOS12.2或更高版本。iPad设备需装有iPadOS12.2或更高版本。iPod touch设备需装有iOS12.2或更高版本。Mac需要macOS 11.0或更高版本以及装有Apple M1或更高版本芯片的Mac。,英文,4+,© Emre Kelebek,免费
6448260551,智慧门禁-超便捷,1612645823,凤仪 黄,150,6,9,4.5,309,版本 1.2.0,修复开门的时候有时候会开不了门的问题,凤仪 黄,74.3 MB,工具,iPhone设备需装有iOS12.0或更高版本。iPad设备需装有iPadOS12.0或更高版本。iPod touch设备需装有iOS12.0或更高版本。Mac需要macOS 11.0或更高版本以及装有Apple M1或更高版本芯片的Mac。,英文,4+,© 2022 Zhmj lnc.,免费
6446716671,芙兰,unknown_Did,,34,6,2,4.9,"1,643",版本 1.9,1. 修复iOS13系统下无法启动应用的bug2. 更新sdk提升应用稳定性3. 修复其他已知问题,David Jenkins,113 MB,工具,iPhone设备需装有iOS13.0或更高版本。iPad设备需装有iPadOS13.0或更高版本。iPod touch设备需装有iOS13.0或更高版本。Mac需要macOS 11.0或更高版本以及装有Apple M1或更高版本芯片的Mac。,简体中文， 繁体中文， 英文,4+,© Furlan@2023,免费
6448967130,哈文旅途,unknown_Did,,2,6,3,3.7,27,版本 1.2,1. 修复已知问题，提升应用稳定性2. 更新sdk,Robert Vierling,103.7 MB,工具,iPhone设备需装有iOS13.0或更高版本。iPad设备需装有iPadOS13.0或更高版本。iPod touch设备需装有iOS13.0或更高版本。Mac需要macOS 11.0或更高版本以及装有Apple M1或更高版本芯片的Mac。,简体中文， 英文,4+,© havan@2023,免费
1627182951,橙青,1625545296,卓宸 武,102,7,3,3.5,255,1.0.0,,卓宸 武,71.9 MB,工具,iPhone设备需装有iOS13.0或更高版本。iPad设备需装有iPadOS13.0或更高版本。iPod touch设备需装有iOS13.0或更高版本。Mac需要macOS 11.0或更高版本以及装有Apple M1或更高版本芯片的Mac。,英文,4+,© @2022 橙青,免费
1595054267,花花清理,1595054269,"Lianyungang Juchi Network Technology Co., Ltd.",8,6,5,4.7,220,版本 2.6,-修复重大问题,"Lianyungang Juchi Network Technology Co., Ltd.",128.6 MB,工具,iPhone设备需装有iOS13.0或更高版本。iPad设备需装有iPadOS13.0或更高版本。iPod touch设备需装有iOS13.0或更高版本。Mac需要macOS 11.0或更高版本以及装有Apple M1或更高版本芯片的Mac。,英文,17+，无限制网页访问，频繁/强烈的成人或性暗示题材,© Wangjianjun,免费
6446104538,我的宝宝计划,1674965189,令帅 孔,296,6,5,2.8,765,版本 1.4,1、更新版本库2、优化性能，修复已知bug,令帅 孔,60.8 MB,工具,iPhone设备需装有iOS11.0或更高版本。iPad设备需装有iPadOS11.0或更高版本。iPod touch设备需装有iOS11.0或更高版本。Mac需要macOS 11.0或更高版本以及装有Apple M1或更高版本芯片的Mac。,英文,4+,© konglingshuai,免费
1621682678,爱追星 - 明星社区,1621682680,"Ningbo Chenhai Xinghe Investment Management Co., Ltd.",500,6,3,2.8,"2,484",1.0.0,,"Ningbo Chenhai Xinghe Investment Management Co., Ltd.",37.3 MB,效率,iPhone设备需装有iOS10.0或更高版本。iPad设备需装有iPadOS10.0或更高版本。iPod touch设备需装有iOS10.0或更高版本。Mac需要macOS 11.0或更高版本以及装有Apple M1或更高版本芯片的Mac。,简体中文， 英文,17+，偶尔/轻微的卡通或幻想暴力，偶尔/轻微的成人或性暗示题材，偶尔/轻微的色情内容或裸露,"©️ 2022 Ningbo Chenhai Xinghe Investment Management Co., Ltd.",免费
1672833880,MYL-Interview,1672165854,梦雨 刘,20,6,5,4.6,201,版本 1.0.2,- Optimizing the App Experience - Resolve some known issues,梦雨 刘,52.6 MB,工具,iPhone设备需装有iOS13.0或更高版本。iPad设备需装有iPadOS13.0或更高版本。iPod touch设备需装有iOS13.0或更高版本。Mac需要macOS 11.0或更高版本以及装有Apple M1或更高版本芯片的Mac。,英文,4+,© 2020 MYL,免费
6446821745,简繁转换-便捷的简繁转换加中文大写转换,1678689728,余 刘,14,6,4,4.3,206,版本 1.0.1,- 优化App的体验- 解决部分已知bug,余 刘,52.2 MB,工具,iPhone设备需装有iOS13.0或更高版本。iPad设备需装有iPadOS13.0或更高版本。iPod touch设备需装有iOS13.0或更高版本。Mac需要macOS 11.0或更高版本以及装有Apple M1或更高版本芯片的Mac。,英文,4+,© 2022 JFZH,免费
6448296561,拼图-宫格,1679270853,玮珍 殷,30,6,4,3.9,405,版本 1.0.2,- 解决部分已知问题- 优化App的体验,玮珍 殷,53.4 MB,工具,iPhone设备需装有iOS14.0或更高版本。iPad设备需装有iPadOS14.0或更高版本。iPod touch设备需装有iOS14.0或更高版本。Mac需要macOS 11.0或更高版本以及装有Apple M1或更高版本芯片的Mac。,英文,4+,© 2020 WZY,免费
6448886574,五四三保养,1686696011,大庆 朱,32,6,4,4.4,349,版本 `1.0.2,- 解决了一些bug- 优化了App体验,大庆 朱,55.2 MB,工具,iPhone设备需装有iOS13.0或更高版本。iPad设备需装有iPadOS13.0或更高版本。iPod touch设备需装有iOS13.0或更高版本。Mac需要macOS 11.0或更高版本以及装有Apple M1或更高版本芯片的Mac。,英文,4+,© 2020 ZDQ,免费
6446791342,多彩色卡,1677473880,孝花 黄,9,6,5,4.4,95,版本 1.0.1,- 优化App的体验- 解决部分已知问题,孝花 黄,51.5 MB,工具,iPhone设备需装有iOS14.0或更高版本。iPad设备需装有iPadOS14.0或更高版本。iPod touch设备需装有iOS14.0或更高版本。Mac需要macOS 11.0或更高版本以及装有Apple M1或更高版本芯片的Mac。,英文,4+,© 2020 DCSK,免费
1604699217,拼拼手机助手,1593174276,"Jiangsu Chengfutong Network Technology Co.,Ltd.",6,6,3,4.7,520,版本 1.9,-修复部分问题,"Jiangsu Chengfutong Network Technology Co.,Ltd.",98.4 MB,工具,iPhone设备需装有iOS13.0或更高版本。iPad设备需装有iPadOS13.0或更高版本。iPod touch设备需装有iOS13.0或更高版本。Mac需要macOS 11.0或更高版本以及装有Apple M1或更高版本芯片的Mac。,简体中文,4+,Copyright © 2022 Tangningyin,免费
6448278646,和马图文,1684101955,宏雁 赵,9,6,4,4.3,126,1.0.0,,宏雁 赵,46.9 MB,工具,iPhone设备需装有iOS13.0或更高版本。iPad设备需装有iPadOS13.0或更高版本。iPod touch设备需装有iOS13.0或更高版本。Mac需要macOS 11.0或更高版本以及装有Apple M1或更高版本芯片的Mac。,英文,4+,© 2020 HeMa,免费
6448913586,福伯礼金,1686849056,启慧 张,26,6,4,4.3,309,1.0.0,,启慧 张,51 MB,工具,iPhone设备需装有iOS12.0或更高版本。iPad设备需装有iPadOS12.0或更高版本。iPod touch设备需装有iOS12.0或更高版本。Mac需要macOS 11.0或更高版本以及装有Apple M1或更高版本芯片的Mac。,英文,4+,© 2023 ZQH,免费
1645236455,BMG - Blue Mist Garden,1637634702,EnvisionTech,31,7,2,2.5,79,版本 1.2,1. Update sdk2. Fix known issues,Envision Technology Inc Ltd,68.2 MB,工具,iPhone设备需装有iOS13.2或更高版本。iPad设备需装有iPadOS13.2或更高版本。iPod touch设备需装有iOS13.2或更高版本。Mac需要macOS 11.0或更高版本以及装有Apple M1或更高版本芯片的Mac。,英文,4+,© Blue Mist Garden,免费
6444120796,苏苏九宫格切割,1652466537,"DH Co., Ltd",0,6,3,3.0,17,版本 1.7,-解决部分用户闪退问题,"Haikou Xinghong Trading Co., Ltd.",95.9 MB,工具,iPhone设备需装有iOS13.0或更高版本。iPad设备需装有iPadOS13.0或更高版本。iPod touch设备需装有iOS13.0或更高版本。Mac需要macOS 11.0或更高版本以及装有Apple M1或更高版本芯片的Mac。,英文,4+,Copyright © 2022 iusi,免费
6443936270,十字文件管理,1636681279,李虹 彭,19,6,4,3.2,32,版本 1.4,1.修改了已知的崩溃bug2.新增投屏说明,李虹 彭,41.6 MB,工具,iPhone设备需装有iOS12.0或更高版本。iPad设备需装有iPadOS12.0或更高版本。iPod touch设备需装有iOS12.0或更高版本。Mac需要macOS 11.0或更高版本以及装有Apple M1或更高版本芯片的Mac。,英文,4+,© hydsoft.pwd.ltd,免费
6448616185,菲斯爱宠,1637634702,EnvisionTech,37,7,2,4.9,"1,982",版本 1.2,1. 更新sdk提升应用稳定性2. 修复一处可能导致应用进入首页后黑屏的bug,Envision Technology Inc Ltd,94.6 MB,工具,iPhone设备需装有iOS13.0或更高版本。iPad设备需装有iPadOS13.0或更高版本。iPod touch设备需装有iOS13.0或更高版本。Mac需要macOS 11.0或更高版本以及装有Apple M1或更高版本芯片的Mac。,简体中文， 英文,4+,© FezPet@2023,免费
6449034444,新闻阿拉,1687488302,Yasin Ekerci,0,6,5,3.4,65,版本 1.1,-Fix known problems with optimization,Yasin Ekerci,89.2 MB,新闻,iPhone设备需装有iOS12.2或更高版本。iPad设备需装有iPadOS12.2或更高版本。iPod touch设备需装有iOS12.2或更高版本。Mac需要macOS 11.0或更高版本以及装有Apple M1或更高版本芯片的Mac。,英文,4+,© Yasin Ekerci,免费
6448907386,千晴文字,1686700599,向东 房,27,6,3,4.6,287,1.0.0,,向东 房,40.2 MB,工具,iPhone设备需装有iOS11.0或更高版本。iPad设备需装有iPadOS11.0或更高版本。iPod touch设备需装有iOS11.0或更高版本。Mac需要macOS 11.0或更高版本以及装有Apple M1或更高版本芯片的Mac。,英文,17+,© 房向东,免费
1658603537,小熊保险箱,1655051372,志祥 付,0,6,2,2.9,173,版本 1.0.1,修复已知添加不成功的bug,志祥 付,59.7 MB,生活,iPhone设备需装有iOS11.0或更高版本。iPad设备需装有iPadOS11.0或更高版本。iPod touch设备需装有iOS11.0或更高版本。,简体中文， 英文,4+,© 小熊保险箱2022,免费
6449525082,动态码 - 会动的二维码,1688194624,海桃 常,0,0,3,-1.0,0,1.0.0,[],海桃 常,52.5 MB,工具,iPhone设备需装有iOS14.0或更高版本。iPad设备需装有iPadOS14.0或更高版本。iPod touch设备需装有iOS14.0或更高版本。Mac需要macOS 11.0或更高版本以及装有Apple M1或更高版本芯片的Mac。,英文,4+,© 2023 iOS Team,免费
6449456884,吉光存钱,1688194806,昌宝 赵,5,0,4,4.4,31,1.0.0,[],昌宝 赵,31.7 MB,工具,iPhone设备需装有iOS12.0或更高版本。iPad设备需装有iPadOS12.0或更高版本。iPod touch设备需装有iOS12.0或更高版本。Mac需要macOS 11.0或更高版本以及装有Apple M1或更高版本芯片的Mac。,英文,4+,© 2023 jiguang,免费
6449455990,饭前喝水,1689070930,姣 刘,1,0,4,5.0,30,1.0.0,[],姣 刘,37.9 MB,工具,iPhone设备需装有iOS11.0或更高版本。iPad设备需装有iPadOS11.0或更高版本。iPod touch设备需装有iOS11.0或更高版本。Mac需要macOS 11.0或更高版本以及装有Apple M1或更高版本芯片的Mac。,英文,17+,© 刘姣,免费
6449272488,叶千,1688911107,Debra Bradford,10,6,3,4.8,643,版本 1.2,修复已知问题，提升应用稳定性,Debra Bradford,99.9 MB,工具,iPhone设备需装有iOS13.0或更高版本。iPad设备需装有iPadOS13.0或更高版本。iPod touch设备需装有iOS13.0或更高版本。Mac需要macOS 11.0或更高版本以及装有Apple M1或更高版本芯片的Mac。,简体中文， 英文,4+,© 叶千@2023,免费
6447249454,榜印 - 亲子互动，相伴成长,1679530155,泽旭 李,17,6,2,3.0,67,版本 1.1.0,1、增加互动内容，修改UI2、修复崩溃Bug,泽旭 李,71.5 MB,教育,iPhone设备需装有iOS12.0或更高版本。iPad设备需装有iPadOS12.0或更高版本。iPod touch设备需装有iOS12.0或更高版本。Mac需要macOS 11.0或更高版本以及装有Apple M1或更高版本芯片的Mac。,英文,4+,© 2023NNNEEE,免费
6449193759,河豚卡包,1683689860,廷丹 石,13,7,3,3.7,35,版本 1.0.1,1. 修复bug和性能优化2. 修改ipad显示bug,廷丹 石,62.7 MB,效率,iPhone设备需装有iOS12.0或更高版本。iPad设备需装有iPadOS12.0或更高版本。iPod touch设备需装有iOS12.0或更高版本。Mac需要macOS 11.0或更高版本以及装有Apple M1或更高版本芯片的Mac。,英文,4+,©️2023 HTKB,免费
6449936830,数学快问快答,1690990011,超俊 葛,3,0,4,3.5,15,版本 1.1,-解决偶尔闪退的问题-优化App响应速度,超俊 葛,81.5 MB,工具,iPhone设备需装有iOS12.2或更高版本。iPad设备需装有iPadOS12.2或更高版本。iPod touch设备需装有iOS12.2或更高版本。,英文,4+,© answmath,免费
1572383342,青提计算器-2023购房贷款计算器,1563351584,Chui Yin YIP,50,7,3,4.9,"1,523",版本 1.8,优化部分已知算法问题提升性能优化用户使用体验,Chui Yin YIP,86 MB,工具,iPhone设备需装有iOS13.0或更高版本。iPad设备需装有iPadOS13.0或更高版本。iPod touch设备需装有iOS13.0或更高版本。Mac需要macOS 11.0或更高版本以及装有Apple M1或更高版本芯片的Mac。,简体中文， 繁体中文,4+,Copyright © YIP CHUI YIN,免费
6448768474,随心剪辑,1671921415,书龙 马,81,6,4,4.0,321,版本 1.0.1,版本更新内容：1.解决闪退问题。2.优化App运行速度。,书龙 马,76.6 MB,生活,iPhone设备需装有iOS11.0或更高版本。iPad设备需装有iPadOS11.0或更高版本。iPod touch设备需装有iOS11.0或更高版本。Mac需要macOS 11.0或更高版本以及装有Apple M1或更高版本芯片的Mac。,英文,4+,© 2023 Shulong Inc.,免费
6448004665,随机-随机生成,1679260868,家栋 郭,14,6,4,4.0,249,版本 1.0.1,- 优化App的体验- 解决部分已知问题,家栋 郭,56.4 MB,工具,iPhone设备需装有iOS13.0或更高版本。iPad设备需装有iPadOS13.0或更高版本。iPod touch设备需装有iOS13.0或更高版本。Mac需要macOS 11.0或更高版本以及装有Apple M1或更高版本芯片的Mac。,英文,4+,© 2020 GJD,免费
6449406009,决定事情,1687671853,可心 林,3,0,4,4.5,145,版本 1.0.2,- 解决已知问题- 优化APP的体验,可心 林,57.7 MB,工具,iPhone设备需装有iOS13.0或更高版本。iPad设备需装有iPadOS13.0或更高版本。iPod touch设备需装有iOS13.0或更高版本。Mac需要macOS 11.0或更高版本以及装有Apple M1或更高版本芯片的Mac。,英文,4+,© linkexin@2023,免费
6447638287,足球技能训练小帮手,1682061984,Vivian Steinbeck,32,6,4,2.4,115,版本 1.0.1,-修复优化已知问题-支持IPAD,Vivian Steinbeck,119 MB,工具,iPhone设备需装有iOS12.2或更高版本。iPad设备需装有iPadOS12.2或更高版本。iPod touch设备需装有iOS12.2或更高版本。Mac需要macOS 11.0或更高版本以及装有Apple M1或更高版本芯片的Mac。,英文,4+,© skillstool1898,免费
6449990553,希里卡洛,1691321131,Moaaz Aamir,1,0,4,4.0,21,版本 1.1,Fix some bugsOptimize some details,Moaaz Aamir,79.5 MB,娱乐,iPhone设备需装有iOS12.2或更高版本。iPad设备需装有iPadOS12.2或更高版本。iPod touch设备需装有iOS12.2或更高版本。Mac需要macOS 11.0或更高版本以及装有Apple M1或更高版本芯片的Mac。,英文,4+,© Moaaz Aamir,免费
1671100816,美美手账,1641476795,凌林 李,0,6,3,1.0,1,版本 1.4,1. 修改适配ipad 上显示问题,凌林 李,56.2 MB,工具,iPhone设备需装有iOS11.0或更高版本。iPad设备需装有iPadOS11.0或更高版本。iPod touch设备需装有iOS11.0或更高版本。Mac需要macOS 11.0或更高版本以及装有Apple M1或更高版本芯片的Mac。,简体中文， 英文,4+,© wq.2023.ys,免费
6448983942,毛孩子日常,1687226486,诗雯 王,36,0,6,4.4,406,版本 5.0,修改app显示名称,诗雯 王,63.8 MB,工具,iPhone设备需装有iOS11.0或更高版本。iPad设备需装有iPadOS11.0或更高版本。iPod touch设备需装有iOS11.0或更高版本。Mac需要macOS 11.0或更高版本以及装有Apple M1或更高版本芯片的Mac。,英文,4+,© @wangshiwen,免费
6447990604,幸运球衣推荐,1682526017,Miriam Petashnick,10,6,4,2.9,23,1.0.0,[],Miriam Petashnick,80.8 MB,工具,iPhone设备需装有iOS12.2或更高版本。iPad设备需装有iPadOS12.2或更高版本。iPod touch设备需装有iOS12.2或更高版本。Mac需要macOS 11.0或更高版本以及装有Apple M1或更高版本芯片的Mac。,英文,17+,© @Miriam Petashnick,免费
6449989942,七河雨,1691449053,Berk Kalemer,9,6,2,5.0,918,版本 1.5,1. 更新sdk2. 修复已知问题,Berk Kalemer,94.9 MB,效率,iPhone设备需装有iOS13.0或更高版本。iPad设备需装有iPadOS13.0或更高版本。iPod touch设备需装有iOS13.0或更高版本。Mac需要macOS 11.0或更高版本以及装有Apple M1或更高版本芯片的Mac。,简体中文， 英文,4+,© 七河雨@2023,免费
6450149643,万能文字转换器,1692014239,浩霖 刘,0,0,3,2.9,12,版本 1.0.1,UI细节修改bugfix,浩霖 刘,23.2 MB,效率,iPhone设备需装有iOS15.0或更高版本。iPad设备需装有iPadOS15.0或更高版本。iPod touch设备需装有iOS15.0或更高版本。Mac需要macOS 12.0或更高版本以及装有Apple M1或更高版本芯片的Mac。,英文,4+,© MarsApp Studio,免费
1635506680,去骑自行车 - 骑行圈分享社区,1565423478,永鑫 陈,2,6,4,3.0,33,版本 1.1,1.我们修复了已知的一些数据bug2.兼容iPad与新系统,永鑫 陈,50.1 MB,健康健美,iPhone设备需装有iOS13.0或更高版本。iPad设备需装有iPadOS13.0或更高版本。iPod touch设备需装有iOS13.0或更高版本。Mac需要macOS 11.0或更高版本以及装有Apple M1或更高版本芯片的Mac。,英文,4+,© AoBike.2022,免费
6443985134,星星万年历-专业老黄历农历运势工具,1651190023,"Shuobo Co., Ltd",2,6,4,4.8,693,版本 1.6,-修复用户交互问题,"Guangzhou Shuobo Trading Co., Ltd.",35.8 MB,工具,iPhone设备需装有iOS13.0或更高版本。iPad设备需装有iPadOS13.0或更高版本。iPod touch设备需装有iOS13.0或更高版本。Mac需要macOS 11.0或更高版本以及装有Apple M1或更高版本芯片的Mac。,英文,4+,© 黄和平,免费
6450257693,华彩方格,1691721576,露萍 周,4,6,3,4.4,28,1.0.0,[],露萍 周,33.2 MB,工具,iPhone设备需装有iOS11.0或更高版本。iPad设备需装有iPadOS11.0或更高版本。iPod touch设备需装有iOS11.0或更高版本。Mac需要macOS 11.0或更高版本以及装有Apple M1或更高版本芯片的Mac。,英文,17+,© 周露萍,免费
6449263712,派萨管理,1688421384,Jay Clemens,15,6,5,4.0,39,版本 1.1,- Urgent fixes for known issues,Jay Clemens,81.4 MB,工具,iPhone设备需装有iOS12.2或更高版本。iPad设备需装有iPadOS12.2或更高版本。iPod touch设备需装有iOS12.2或更高版本。Mac需要macOS 11.0或更高版本以及装有Apple M1或更高版本芯片的Mac。,英文,4+,© Jay Clemens,免费
6450254665,摩斯背景图,1692275602,炎俊 贾,11,6,4,3.6,36,版本 1.1,-解决偶尔闪退的问题-优化App响应速度,炎俊 贾,79.3 MB,工具,iPhone设备需装有iOS12.2或更高版本。iPad设备需装有iPadOS12.2或更高版本。iPod touch设备需装有iOS12.2或更高版本。Mac需要macOS 11.0或更高版本以及装有Apple M1或更高版本芯片的Mac。,英文,4+,© morsebackground,免费
6449970310,恋爱小事儿,1668016419,超花 刘,88,6,3,4.5,109,版本 1.0.1,- 修改bug和性能优化 - 新增使用教程 - 优化产品体验，修复若干问题,超花 刘,62.3 MB,工具,iPhone设备需装有iOS12.0或更高版本。iPad设备需装有iPadOS12.0或更高版本。iPod touch设备需装有iOS12.0或更高版本。Mac需要macOS 11.0或更高版本以及装有Apple M1或更高版本芯片的Mac。,英文,4+,©️LA 2023,免费
1670658170,幸运小草 - 抽签决择幸运小助手,1670658173,TAN MEI MEI,25,6,5,3.7,105,1.0.0,[],TAN MEI MEI,94.1 MB,工具,iPhone设备需装有iOS12.2或更高版本。iPad设备需装有iPadOS12.2或更高版本。iPod touch设备需装有iOS12.2或更高版本。Mac需要macOS 11.0或更高版本以及装有Apple M1或更高版本芯片的Mac。,英文,4+,© @TANMEIMEI,免费
6448837211,体重足迹,1686045174,敏华 贡,3,6,5,3.3,22,版本 1.0.2,1、增加课程录入功能2、课程列表展示编辑下一步骤开发计划，自己录制健身视频上传分享,敏华 贡,53.3 MB,健康健美,iPhone设备需装有iOS12.0或更高版本。iPod touch设备需装有iOS12.0或更高版本。Mac需要macOS 11.0或更高版本以及装有Apple M1或更高版本芯片的Mac。,英文,17+,© 2023 Minhua Gong,免费
6450437806,杰森酒店,1693319651,Mete Halim,1,0,2,1.0,1,版本 1.2,1. 升级sdk提升应用稳定性2. 修复已知问题,Mete Halim,113.6 MB,工具,iPhone设备需装有iOS13.0或更高版本。iPad设备需装有iPadOS13.0或更高版本。iPod touch设备需装有iOS13.0或更高版本。Mac需要macOS 11.0或更高版本以及装有Apple M1或更高版本芯片的Mac。,简体中文， 英文,4+,© JHB@2023,免费
6450564442,婚礼预约记,1693892581,师旗 顾,0,0,5,-1.0,0,版本 1.1,1.解决偶尔闪退的问题2.优化App响应速度,师旗 顾,100.8 MB,工具,iPhone设备需装有iOS12.2或更高版本。iPad设备需装有iPadOS12.2或更高版本。iPod touch设备需装有iOS12.2或更高版本。Mac需要macOS 11.0或更高版本以及装有Apple M1或更高版本芯片的Mac。,英文,4+,© shiqi,免费
6450447042,保全修车,1693337248,Ibrahim Halil Ozbek,0,0,2,-1.0,0,版本 1.5,1. 更新三方sdk 提升应用稳定性2. 解决了已知问题，提升用户体验,Ibrahim Halil Ozbek,110.8 MB,工具,iPhone设备需装有iOS13.0或更高版本。iPad设备需装有iPadOS13.0或更高版本。iPod touch设备需装有iOS13.0或更高版本。Mac需要macOS 11.0或更高版本以及装有Apple M1或更高版本芯片的Mac。,简体中文， 英文,4+,© RCF@2023,免费
6449516699,方奇文字,1688729423,楷 王,129,6,4,4.4,"1,215",版本 1.1.0,添加文字分享优化用户体验,楷 王,37.9 MB,工具,iPhone设备需装有iOS11.0或更高版本。iPad设备需装有iPadOS11.0或更高版本。iPod touch设备需装有iOS11.0或更高版本。Mac需要macOS 11.0或更高版本以及装有Apple M1或更高版本芯片的Mac。,英文,17+,© 王楷,免费
6449695297,SleepLife Helper,1690120242,Semina Salpat,65,6,4,4.3,167,版本 1.0.2,- Bazı kullanıcı geri bildirimlerine dayalı olarak kullanıcı deneyimini iyileştirin- Uygulama performansını optimize edin- Bilinen hataları düzeltin,Semina Salpat,108.4 MB,生活,iPhone设备需装有iOS11.0或更高版本。iPad设备需装有iPadOS11.0或更高版本。iPod touch设备需装有iOS11.0或更高版本。Mac需要macOS 11.0或更高版本以及装有Apple M1或更高版本芯片的Mac。,英文,4+,© 2023 SleepLife Helper Inc,免费
6450296777,专属艺术名字设计,1692732523,Naciye Tetik,1,6,3,5.0,2,版本 1.0.2,-解决偶尔闪退的问题-优化App响应速度,Naciye Tetik,214.7 MB,工具,iPhone设备需装有iOS12.2或更高版本。iPad设备需装有iPadOS12.2或更高版本。iPod touch设备需装有iOS12.2或更高版本。Mac需要macOS 11.0或更高版本以及装有Apple M1或更高版本芯片的Mac。,英文,4+,© artisticname9659,免费
6450728245,婚服租用记,1694166333,梓豪 韩,0,6,3,4.0,22,版本 1.1,1.解决偶尔闪退的问题2.优化App响应速度,梓豪 韩,81.1 MB,生活,iPhone设备需装有iOS12.2或更高版本。iPad设备需装有iPadOS12.2或更高版本。iPod touch设备需装有iOS12.2或更高版本。Mac需要macOS 11.0或更高版本以及装有Apple M1或更高版本芯片的Mac。,英文,4+,© zihao,免费
6450894734,燃油计算,1694963498,俊晓 任,80,0,3,4.2,195,1.0.0,[],俊晓 任,52.2 MB,工具,iPhone设备需装有iOS13.0或更高版本。iPad设备需装有iPadOS13.0或更高版本。iPod touch设备需装有iOS13.0或更高版本。Mac需要macOS 11.0或更高版本以及装有Apple M1或更高版本芯片的Mac。,英文,4+,© 2023 fuelCalculation Team,免费
6450836982,美食足记,1695105808,青龙 李,8,6,3,4.1,69,版本 1.1,1.新增美食打卡城市2.新增广告sdk2.优化ui 包括闪退bug等,青龙 李,80.2 MB,生活,iPhone设备需装有iOS12.2或更高版本。iPad设备需装有iPadOS12.2或更高版本。iPod touch设备需装有iOS12.2或更高版本。Mac需要macOS 11.0或更高版本以及装有Apple M1或更高版本芯片的Mac。,英文,4+,© qinglong,免费
6450872959,私人密码,1691063963,成杰 魏,55,7,5,3.4,160,版本 1.2,1、更新框架、优化性能，修改已知bug,成杰 魏,66.5 MB,工具,iPhone设备需装有iOS11.0或更高版本。iPad设备需装有iPadOS11.0或更高版本。iPod touch设备需装有iOS11.0或更高版本。Mac需要macOS 11.0或更高版本以及装有Apple M1或更高版本芯片的Mac。,英文,4+,© weichengjie,免费
6450763904,生成大喜报,1694554082,雪茹 李,7,6,3,4.0,40,版本 1.1,优化产品内容，提升应用稳定性,雪茹 李,83.7 MB,生活,iPhone设备需装有iOS12.2或更高版本。iPad设备需装有iPadOS12.2或更高版本。iPod touch设备需装有iOS12.2或更高版本。Mac需要macOS 11.0或更高版本以及装有Apple M1或更高版本芯片的Mac。,英文,4+,© xueru,免费
1633782549,失物招领-互帮平台,1633782551,"Guangdong Wanyongtong Decoration Building Materials Co., Ltd",177,6,3,2.7,705,1.0.0,[],"Guangdong Wanyongtong Decoration Building Materials Co., Ltd",67.5 MB,工具,iPhone设备需装有iOS10.0或更高版本。iPad设备需装有iPadOS10.0或更高版本。iPod touch设备需装有iOS10.0或更高版本。Mac需要macOS 11.0或更高版本以及装有Apple M1或更高版本芯片的Mac。,英文,4+,"©️Guangdong Wanyongtong Decoration Building Materials Co., Ltd",免费
1592408317,录音机-录音转文字语音备忘录音软件,1592408319,"Jiangsu Sidian Network Technology Co.,Ltd.",86,6,3,4.8,"5,513",版本 2.0.0,-修复用户交互问题,"Jiangsu Sidian Network Technology Co.,Ltd.",73.2 MB,参考资料,iPhone设备需装有iOS13.0或更高版本。iPad设备需装有iPadOS13.0或更高版本。iPod touch设备需装有iOS13.0或更高版本。Mac需要macOS 11.0或更高版本以及装有Apple M1或更高版本芯片的Mac。,英文,4+,Copyright © 2021 董萍,免费
1665463512,Fun 时刻,1665001548,冬华 刘,63,6,1,3.1,347,版本 1.0.6,1. 修改bug和性能优化。,冬华 刘,103.1 MB,工具,iPhone设备需装有iOS12.0或更高版本。iPad设备需装有iPadOS12.0或更高版本。iPod touch设备需装有iOS12.0或更高版本。Mac需要macOS 11.0或更高版本以及装有Apple M1或更高版本芯片的Mac。,简体中文， 英文,4+,© 2022 LD,免费
6447546661,影视快答题,1618882889,腾 吕,75,6,3,3.3,163,1.0.0,[],腾 吕,84 MB,工具,iPhone设备需装有iOS9.0或更高版本。iPad设备需装有iPadOS9.0或更高版本。iPod touch设备需装有iOS9.0或更高版本。Mac需要macOS 11.0或更高版本以及装有Apple M1或更高版本芯片的Mac。,英文,17+,© yingshikuaidati,免费
1599950052,韩剧TV-韩圈韩剧大全,1472570788,yan fu,500,6,4,4.7,7.5万,版本 1.0.17,1.优化使用体验2.修正闪退错误,yan fu,22.2 MB,娱乐,iPhone设备需装有iOS11.0或更高版本。iPod touch设备需装有iOS11.0或更高版本。Mac需要macOS 11.0或更高版本以及装有Apple M1或更高版本芯片的Mac。,简体中文， 繁体中文， 英文,4+,© 美剧tv,免费
6450794077,找不同合相同,1694762249,倩 郑,22,6,4,3.7,122,版本 1.1,紧急修复使用过程中闪退的问题,倩 郑,173.7 MB,生活,iPhone设备需装有iOS12.2或更高版本。iPad设备需装有iPadOS12.2或更高版本。iPod touch设备需装有iOS12.2或更高版本。Mac需要macOS 11.0或更高版本以及装有Apple M1或更高版本芯片的Mac。,英文,4+,© diffsame,免费
6450855214,火影迷大问答,1695205653,昱良 演,85,6,6,4.0,129,版本 1.1,-解决偶尔串题的问题-优化App响应速度,昱良 演,100.7 MB,娱乐,iPhone设备需装有iOS12.2或更高版本。iPad设备需装有iPadOS12.2或更高版本。iPod touch设备需装有iOS12.2或更高版本。Mac需要macOS 11.0或更高版本以及装有Apple M1或更高版本芯片的Mac。,英文,4+,© huoyingmi,免费
6450494267,易水成长计划,1692134499,Taskin Eken,6,7,2,4.9,623,版本 1.2,优化APP开启速度，解决已知BUG,Taskin Eken,104.9 MB,工具,iPhone设备需装有iOS13.0或更高版本。iPad设备需装有iPadOS13.0或更高版本。iPod touch设备需装有iOS13.0或更高版本。Mac需要macOS 11.0或更高版本以及装有Apple M1或更高版本芯片的Mac。,简体中文， 英文,4+,© TrackMyPlan@2023,免费
6447390435,指尖助手-健康用药小工具,1681204908,SOYOBE,13,6,5,3.2,55,版本 1.1,1.修改已知的bug2.添加通知提醒,"Chongqing Soyoube Technology Co., Ltd.",35.5 MB,工具,iPhone设备需装有iOS13.0或更高版本。iPad设备需装有iPadOS13.0或更高版本。iPod touch设备需装有iOS13.0或更高版本。Mac需要macOS 11.0或更高版本以及装有Apple M1或更高版本芯片的Mac。,英语,4+,healthy.©,免费
6450751234,看物拼字词,1693702555,振阳 吴,242,6,4,4.5,344,版本 1.1,-解决偶尔闪退的问题-优化App响应速度,振阳 吴,89.9 MB,娱乐,iPhone设备需装有iOS12.2或更高版本。iPad设备需装有iPadOS12.2或更高版本。iPod touch设备需装有iOS12.2或更高版本。Mac需要macOS 11.0或更高版本以及装有Apple M1或更高版本芯片的Mac。,英语,4+,© spellletter,免费
6451237634,小布代驾册,1696483819,绪昊 陈,8,6,2,3.4,77,版本 1.0.1,修复时间计算偶尔错误的bug,绪昊 陈,28.1 MB,生活,iPhone设备需装有iOS11.0或更高版本。iPad设备需装有iPadOS11.0或更高版本。iPod touch设备需装有iOS11.0或更高版本。,简体中文， 英语,4+,© 小布代驾册,免费
6450161982,大眼旅游随记,1681706499,松蓉 蔡,36,6,2,2.8,137,版本 1.0.1,增加部分城市，修复已知问题,松蓉 蔡,67.4 MB,生活,iPhone设备需装有iOS11.0或更高版本。iPad设备需装有iPadOS11.0或更高版本。iPod touch设备需装有iOS11.0或更高版本。,英语,4+,© 大眼旅游随记,免费
1533237016,青蛙视频 - 视频编辑制作神器,1682827861,泽航 苏,164,6,3,4.8,6,版本 1.1.5,1.修复视频编辑格式2.完善了资源,泽航 苏,51 MB,工具,iPhone设备需装有iOS10.0或更高版本。iPad设备需装有iPadOS10.0或更高版本。iPod touch设备需装有iOS10.0或更高版本。Mac需要macOS 11.0或更高版本以及装有Apple M1或更高版本芯片的Mac。,英语,17+，无限制网页访问,© Meiqin Chen,免费
6450675026,到店预约宝,1694252938,帅航 王,100,6,4,4.2,263,版本 1.1,-修复程序已知bug-优化整体稳定性-新增优化sdk,帅航 王,81.8 MB,生活,iPhone设备需装有iOS12.2或更高版本。iPad设备需装有iPadOS12.2或更高版本。iPod touch设备需装有iOS12.2或更高版本。Mac需要macOS 11.0或更高版本以及装有Apple M1或更高版本芯片的Mac。,英语,4+,© reservation_bao,免费
6450647392,大胆表白,1694068329,剑 胡,12,6,4,3.4,35,版本 1.2,-修复已知问题-升应用稳定性,剑 胡,90 MB,工具,iPhone设备需装有iOS12.2或更高版本。iPad设备需装有iPadOS12.2或更高版本。iPod touch设备需装有iOS12.2或更高版本。Mac需要macOS 11.0或更高版本以及装有Apple M1或更高版本芯片的Mac。,英语,4+,© hj,免费
1658238633,变声器-游戏开黑实时语音变声软件,1650506926,春霞 郭,15,6,3,4.4,66,版本 2.2,-更新部分内容,春霞 郭,56.2 MB,工具,iPhone设备需装有iOS13.0或更高版本。iPad设备需装有iPadOS13.0或更高版本。iPod touch设备需装有iOS13.0或更高版本。Mac需要macOS 11.0或更高版本以及装有Apple M1或更高版本芯片的Mac。,英语,4+,© chunxia guo,免费
6450620752,小隋爱秒杀,1683041480,嘉隆 唐,21,6,2,3.1,78,版本 1.0.1,修改数据显示不完整的问题,嘉隆 唐,28.6 MB,生活,iPhone设备需装有iOS11.0或更高版本。iPad设备需装有iPadOS11.0或更高版本。iPod touch设备需装有iOS11.0或更高版本。,简体中文， 英语,4+,© 小隋爱秒杀2023,免费
6451105249,对流星许愿,1654088434,霞 袁,17,7,3,4.7,"1,187",版本 1.3,修复部分机型上可能出现界面布局错误！,霞 袁,42.8 MB,社交,iPhone设备需装有iOS12.0或更高版本。iPod touch设备需装有iOS12.0或更高版本。Mac需要macOS 11.0或更高版本以及装有Apple M1或更高版本芯片的Mac。,英语,4+,© 2023 yuanxiasmile Inc.,免费
6450892900,农作帮,1694689273,杰 孟,63,6,4,4.2,100,版本 1.0.2,1，修复已知的bug2，界面优化,杰 孟,61.7 MB,工具,iPhone设备需装有iOS12.0或更高版本。iPad设备需装有iPadOS12.0或更高版本。iPod touch设备需装有iOS12.0或更高版本。Mac需要macOS 11.0或更高版本以及装有Apple M1或更高版本芯片的Mac。,英语,17+,©️农作帮,免费
6449417836,小蛾倍珍-物品保质期管理,1682395938,正楷 张,4,6,2,3.3,35,版本 1.2.0,1.修复bug2.增加物品属性图表化,正楷 张,82.3 MB,效率,iPhone设备需装有iOS11.0或更高版本。iPad设备需装有iPadOS11.0或更高版本。iPod touch设备需装有iOS11.0或更高版本。Mac需要macOS 11.0或更高版本以及装有Apple M1或更高版本芯片的Mac。,英语,4+,© 20382518643,免费
6458441765,惠仟佳物业,1700429907,Diego Gadea,12,6,2,3.9,26,1.0.0,[],Diego Gadea,63.5 MB,工具,iPhone设备需装有iOS13.0或更高版本。iPad设备需装有iPadOS13.0或更高版本。iPod touch设备需装有iOS13.0或更高版本。Mac需要macOS 11.0或更高版本以及装有Apple M1或更高版本芯片的Mac。,简体中文， 英语,4+,© 2023@惠仟佳物业,免费
6456409092,看旗识洲,1700376167,晓晨 齐,11,6,4,3.6,55,版本 1.1,修复部分国旗信息错误的问题,晓晨 齐,80 MB,工具,iPhone设备需装有iOS12.2或更高版本。iPad设备需装有iPadOS12.2或更高版本。iPod touch设备需装有iOS12.2或更高版本。Mac需要macOS 11.0或更高版本以及装有Apple M1或更高版本芯片的Mac。,英语,4+,© prz,免费
6453693553,员工帮帮棒,1699464642,海芬 白,3,6,4,4.3,15,版本 1.1,1. 紧急修复保存员工时未知闪退问题,海芬 白,82.7 MB,工具,iPhone设备需装有iOS12.2或更高版本。iPad设备需装有iPadOS12.2或更高版本。iPod touch设备需装有iOS12.2或更高版本。Mac需要macOS 11.0或更高版本以及装有Apple M1或更高版本芯片的Mac。,英语,4+,© prz,免费
6452586981,每日心情蛙蛙,1697817643,文龙 谷,79,6,4,2.7,156,版本 1.1,-紧急修复使用过程中闪退的问题,文龙 谷,87.3 MB,生活,iPhone设备需装有iOS12.2或更高版本。iPad设备需装有iPadOS12.2或更高版本。iPod touch设备需装有iOS12.2或更高版本。Mac需要macOS 11.0或更高版本以及装有Apple M1或更高版本芯片的Mac。,英语,4+,© moodfrog,免费
6450163400,美切切,1690285879,沛 陈,6,6,4,3.3,15,版本 1.0.9,1，调整主界面展示；2，修复bug；,沛 陈,66.6 MB,工具,iPhone设备需装有iOS12.0或更高版本。iPad设备需装有iPadOS12.0或更高版本。iPod touch设备需装有iOS12.0或更高版本。Mac需要macOS 11.0或更高版本以及装有Apple M1或更高版本芯片的Mac。,英语,4+,© 2023.qie.Inc,免费
1636266226,字体大全-手机字体下载安装app,1636266229,"Hangzhou Fanyue Trade Co., Ltd.",128,6,3,4.7,"5,785",版本 1.6,-更新无法使用的问题,"Hangzhou Fanyue Trade Co., Ltd.",230.5 MB,工具,iPhone设备需装有iOS13.0或更高版本。iPad设备需装有iPadOS13.0或更高版本。iPod touch设备需装有iOS13.0或更高版本。Mac需要macOS 11.0或更高版本以及装有Apple M1或更高版本芯片的Mac。,英语,4+,© 刘杰,免费
6454558856,掌上排座表,1699628686,亚煊 王,11,6,3,4.2,40,版本 1.1,修改bug，优化产品内容。,亚煊 王,80.1 MB,工具,iPhone设备需装有iOS12.2或更高版本。iPad设备需装有iPadOS12.2或更高版本。iPod touch设备需装有iOS12.2或更高版本。Mac需要macOS 11.0或更高版本以及装有Apple M1或更高版本芯片的Mac。,英语,4+,© 排座,免费
6455259598,火车票夹,1699914556,国伟 杨,6,6,3,4.3,20,版本 1.1,紧急修复使用过程中闪退的问题,国伟 杨,81.5 MB,生活,iPhone设备需装有iOS12.2或更高版本。iPad设备需装有iPadOS12.2或更高版本。iPod touch设备需装有iOS12.2或更高版本。Mac需要macOS 11.0或更高版本以及装有Apple M1或更高版本芯片的Mac。,英语,4+,© eleven,免费
1632377710,多来喝茶-喝茶泡茶时长提醒,1625469988,廷坤 周,13,6,3,2.1,52,版本 1.4,"修复一些已知的bug,优化使用体验",廷坤 周,57 MB,教育,iPhone设备需装有iOS13.0或更高版本。iPod touch设备需装有iOS13.0或更高版本。Mac需要macOS 11.0或更高版本以及装有Apple M1或更高版本芯片的Mac。,英语,4+,© hx.2022.ys,免费
1622952105,羊羊设备库,1622614742,子彦 杨,38,6,2,3.4,160,版本 1.0.2,修复部分设备保存不成功的问题,子彦 杨,55.7 MB,生活,iPhone设备需装有iOS10.0或更高版本。iPad设备需装有iPadOS10.0或更高版本。iPod touch设备需装有iOS10.0或更高版本。,简体中文， 英语,4+,©️羊羊设备库,免费
1615731935,人人加密箱,1609251479,伟伟 宋,80,6,2,3.1,266,版本 1.2.1,--适配iOS16,伟伟 宋,61 MB,生活,iPhone设备需装有iOS9.0或更高版本。iPad设备需装有iPadOS9.0或更高版本。iPod touch设备需装有iOS9.0或更高版本。Mac需要macOS 11.0或更高版本以及装有Apple M1或更高版本芯片的Mac。,英语,4+,© RR,免费
1611839557,小宝私密箱,1609261869,经纬 彭,57,6,2,3.2,218,版本 1.3.1,适配iOS16,经纬 彭,59.8 MB,生活,iPhone设备需装有iOS9.0或更高版本。iPad设备需装有iPadOS9.0或更高版本。iPod touch设备需装有iOS9.0或更高版本。Mac需要macOS 11.0或更高版本以及装有Apple M1或更高版本芯片的Mac。,英语,4+,© xiaobao,免费
1531577718,月亮播放器 -给你带来不一样的视觉感受,1622559627,桂甫 时,203,6,3,3.2,"1,036",版本 1.0.5,1.其他修订和优化2.修复bug,桂甫 时,27.1 MB,工具,iPhone设备需装有iOS8.0或更高版本。iPad设备需装有iPadOS8.0或更高版本。iPod touch设备需装有iOS8.0或更高版本。Mac需要macOS 11.0或更高版本以及装有Apple M1或更高版本芯片的Mac。,简体中文， 英语,17+，无限制网页访问，偶尔/轻微的惊悚或恐怖题材,"© Ruian Tongxun Network Technology Co., Ltd.",免费
1669178960,减肥小目标,1611298821,瑞江 窦,27,7,2,3.3,132,版本 1.1.0,我的模块新增分享功能,瑞江 窦,62.5 MB,效率,iPhone设备需装有iOS11.0或更高版本。iPod touch设备需装有iOS11.0或更高版本。Mac需要macOS 11.0或更高版本以及装有Apple M1或更高版本芯片的Mac。,英语,4+,© xiao ji hua,免费
6446343423,戒烟小目标,1611298821,瑞江 窦,128,7,3,3.6,573,版本 1.0.1,新增加分享功能,瑞江 窦,64.3 MB,工具,iPhone设备需装有iOS11.0或更高版本。iPad设备需装有iPadOS11.0或更高版本。iPod touch设备需装有iOS11.0或更高版本。,英语,12+，偶尔/轻微的烟酒或毒品使用或相关内容,© simeng chen,免费
1644264230,下棋有方,1644030700,堂 唐,46,6,2,2.5,219,版本 1.3.0,新增棋谱名称阵容,堂 唐,87.9 MB,生活,iPhone设备需装有iOS11.0或更高版本。iPad设备需装有iPadOS11.0或更高版本。iPod touch设备需装有iOS11.0或更高版本。,英语,4+,© @下棋有方2022,免费
1669671048,PaPerWall - 每日文字和壁纸,1666477138,令梅 孔,64,6,4,3.7,149,版本 1.5,修复了SDK引起的错误以及一些已知问题,令梅 孔,29.9 MB,报刊杂志,iPhone设备需装有iOS13.0或更高版本。iPad设备需装有iPadOS13.0或更高版本。iPod touch设备需装有iOS13.0或更高版本。Mac需要macOS 11.0或更高版本以及装有Apple M1或更高版本芯片的Mac。,简体中文， 英语,4+,© Kong,免费
6444903359,FlightTip Note,1657815235,Mehmet Ak,88,4,6,4.4,191,版本 1.1.4,- Bulunan hataları düzeltin- Uygulama performansını optimize edin- Kullanıcı deneyimini geliştirin- Kullanıcılar tarafından bildirilen kilitlenme sorununu çözün,Mehmet Ak,145.1 MB,生活,iPhone设备需装有iOS11.0或更高版本。iPad设备需装有iPadOS11.0或更高版本。iPod touch设备需装有iOS11.0或更高版本。Mac需要macOS 11.0或更高版本以及装有Apple M1或更高版本芯片的Mac。,英语,4+,© 2023 bagaj yardımcım Inc,免费
6448230329,小萌图记-图片编辑工具,1609030599,"toolman(kunming)Technology Co., Ltd",22,8,4,2.7,66,版本 1.2,"1.我们紧急修复了一个严重的bug2.增加组播功能,使得您可以分享到附近的设备","Kunming Junsong Technology Co.,Ltd.",29 MB,工具,iPhone设备需装有iOS14.0或更高版本。iPad设备需装有iPadOS14.0或更高版本。iPod touch设备需装有iOS14.0或更高版本。Mac需要macOS 11.0或更高版本以及装有Apple M1或更高版本芯片的Mac。,英语,4+,© xiaomeng.td,免费
6447424627,中药博小助,1681245583,Ahmet Genel,500,6,3,4.7,"2,234",版本 1.0.4,- 添加用户反馈的新收录的中药材- 修改一些已知的bugs- 改善用户体验及解决应用崩溃问题,Ahmet Genel,122.2 MB,生活,iPhone设备需装有iOS12.2或更高版本。iPad设备需装有iPadOS12.2或更高版本。iPod touch设备需装有iOS12.2或更高版本。Mac需要macOS 11.0或更高版本以及装有Apple M1或更高版本芯片的Mac。,英语,12+，偶尔/轻微的医药或医疗信息,© 2023 中药博小助 Inc,免费
6450620429,古风遇纵笔,1693996018,文杰 吴,134,6,3,3.8,301,版本 1.2,修复已知问题，提升应用稳定性,文杰 吴,88.6 MB,生活,iPhone设备需装有iOS12.2或更高版本。iPad设备需装有iPadOS12.2或更高版本。iPod touch设备需装有iOS12.2或更高版本。Mac需要macOS 11.0或更高版本以及装有Apple M1或更高版本芯片的Mac。,英语,4+,© wenjie,免费
6446759248,宝儿看房日常,1678239685,进文 赵,9,6,2,3.3,64,版本 1.0.1,修复部分输入保存不正常的问题,进文 赵,59.4 MB,生活,iPhone设备需装有iOS12.0或更高版本。iPad设备需装有iPadOS12.0或更高版本。iPod touch设备需装有iOS12.0或更高版本。,简体中文， 英语,4+,© 宝儿看房日常,免费
1465366080,蚂蚁书签,1464870475,庆福 曾,198,7,3,4.3,510,版本 6.1.0,修复了iOS16上播放器无法横屏问题,庆福 曾,29.9 MB,工具,iPhone设备需装有iOS11.0或更高版本。iPad设备需装有iPadOS11.0或更高版本。iPod touch设备需装有iOS11.0或更高版本。,简体中文， 英语,17+，无限制网页访问,© 2023.Book.Inc,免费
1667434675,一天阅读-人人都是主题设计师,1211223385,成 习,24,6,4,2.7,81,版本 2.1.0,1、加入短信登录2、加入 邮箱、手机绑定3、优化书籍逻辑，解决耗电问题4、稳定性优化,成 习,103.8 MB,工具,iPhone设备需装有iOS12.0或更高版本。iPad设备需装有iPadOS12.0或更高版本。iPod touch设备需装有iOS12.0或更高版本。Mac需要macOS 11.0或更高版本以及装有Apple M1或更高版本芯片的Mac。,英语,17+，无限制网页访问,© 2023 XiCheng,免费
6444522899,三角形の心,1654673108,Tha Tran Van,0,6,3,1.7,13,版本 1.1.2,Fix some bugs,Tha Tran Van,7.1 MB,工具,iPhone设备需装有iOS13.4或更高版本。iPod touch设备需装有iOS13.4或更高版本。Mac需要macOS 11.0或更高版本以及装有Apple M1或更高版本芯片的Mac。,日文， 简体中文， 英语,4+,© XinYee,免费
6447549798,图蓝,1681691418,晓勇 刘,24,6,3,3.4,100,版本 1.0.5,1，修改主页展示;2，修复bug；,晓勇 刘,80 MB,工具,iPhone设备需装有iOS11.0或更高版本。iPad设备需装有iPadOS11.0或更高版本。iPod touch设备需装有iOS11.0或更高版本。Mac需要macOS 11.0或更高版本以及装有Apple M1或更高版本芯片的Mac。,英语,17+,© 2023.baijian.Inc,免费
